fid,ogc_fid,ogc_fid0,id,cd_geocodi,tipo,cd_geocodb,nm_bairro,nm_subdist,cd_geocodd,nm_distrit,cd_geocodm,nm_municip,nm_micro,nm_meso,NUMPOINTS,OP01_Perc_Dom_Prec,OP01_Perc_Dom_s_agua,OP01_Perc_Dom_s_san,OP01_Perc_Dom_s_Banh,OP01_Perc_Dom_s_Lixo,OP01_Perc_Dom_s_energia,OP01_Perc_Dom_alugados,OP01_Perc_Dom_Mquatro
"1","11954","11954","34416","261530005000041",URBANO,"261530005009",Araruna,,"261530005",TIMBAÃÂBA,"2615300",TIMBAÃÂBA,MATA SETENTRIONAL PERNAMBUCANA,MATA PERNAMBUCANA,"0","0","21.5686274509804","88.2352941176471","1.96078431372549","21.5686274509804","3.92156862745098","5.88235294117647","33.3333333333333"
"2","10979","10979","34442","261530005000067",RURAL,,,,"261530005",TIMBAÃÂBA,"2615300",TIMBAÃÂBA,MATA SETENTRIONAL PERNAMBUCANA,MATA PERNAMBUCANA,"0","0","84.6153846153846","7.69230769230769","3.84615384615385","100","0","3.84615384615385","30.7692307692308"
"3","10979","10979","34442","261530005000067",RURAL,,,,"261530005",TIMBAÃÂBA,"2615300",TIMBAÃÂBA,MATA SETENTRIONAL PERNAMBUCANA,MATA PERNAMBUCANA,"0","0","84.6153846153846","7.69230769230769","3.84615384615385","100","0","3.84615384615385","30.7692307692308"
"4","11974","11974","34436","261530005000061",URBANO,"261530005007",Nova Vida,,"261530005",TIMBAÃÂBA,"2615300",TIMBAÃÂBA,MATA SETENTRIONAL PERNAMBUCANA,MATA PERNAMBUCANA,"0","0","12.5","27.5","10","7.5","0","5","25"
"5","11974","11974","34436","261530005000061",URBANO,"261530005007",Nova Vida,,"261530005",TIMBAÃÂBA,"2615300",TIMBAÃÂBA,MATA SETENTRIONAL PERNAMBUCANA,MATA PERNAMBUCANA,"0","0","12.5","27.5","10","7.5","0","5","25"
"6","11953","11953","34415","261530005000040",URBANO,"261530005008",MocÃÂ³s,,"261530005",TIMBAÃÂBA,"2615300",TIMBAÃÂBA,MATA SETENTRIONAL PERNAMBUCANA,MATA PERNAMBUCANA,"0","0","1.9047619047619","30.4761904761905","0","0.476190476190476","0","16.1904761904762","21.4285714285714"
"7","11953","11953","34415","261530005000040",URBANO,"261530005008",MocÃÂ³s,,"261530005",TIMBAÃÂBA,"2615300",TIMBAÃÂBA,MATA SETENTRIONAL PERNAMBUCANA,MATA PERNAMBUCANA,"0","0","1.9047619047619","30.4761904761905","0","0.476190476190476","0","16.1904761904762","21.4285714285714"
"8","10983","10983","34446","261530005000071",RURAL,,,,"261530005",TIMBAÃÂBA,"2615300",TIMBAÃÂBA,MATA SETENTRIONAL PERNAMBUCANA,MATA PERNAMBUCANA,"0","0","76.1904761904762","16.6666666666667","11.9047619047619","85.7142857142857","4.76190476190476","0","28.5714285714286"
"9","10983","10983","34446","261530005000071",RURAL,,,,"261530005",TIMBAÃÂBA,"2615300",TIMBAÃÂBA,MATA SETENTRIONAL PERNAMBUCANA,MATA PERNAMBUCANA,"0","0","76.1904761904762","16.6666666666667","11.9047619047619","85.7142857142857","4.76190476190476","0","28.5714285714286"
"10","2463","2463","24940","260400705000016",URBANO,,,,"260400705",CARPINA,"2604007",CARPINA,MATA SETENTRIONAL PERNAMBUCANA,MATA PERNAMBUCANA,"53","0","28.3720930232558","97.6744186046512","0","0","0","23.7209302325581","18.1395348837209"
"11","2463","2463","24940","260400705000016",URBANO,,,,"260400705",CARPINA,"2604007",CARPINA,MATA SETENTRIONAL PERNAMBUCANA,MATA PERNAMBUCANA,"53","0","28.3720930232558","97.6744186046512","0","0","0","23.7209302325581","18.1395348837209"
"12","2470","2470","24947","260400705000023",URBANO,,,,"260400705",CARPINA,"2604007",CARPINA,MATA SETENTRIONAL PERNAMBUCANA,MATA PERNAMBUCANA,"16","0.29585798816568","10.0591715976331","92.0118343195266","0.29585798816568","6.21301775147929","0.29585798816568","14.792899408284","21.0059171597633"
"13","2470","2470","24947","260400705000023",URBANO,,,,"260400705",CARPINA,"2604007",CARPINA,MATA SETENTRIONAL PERNAMBUCANA,MATA PERNAMBUCANA,"16","0.29585798816568","10.0591715976331","92.0118343195266","0.29585798816568","6.21301775147929","0.29585798816568","14.792899408284","21.0059171597633"
"14","2462","2462","24939","260400705000015",URBANO,,,,"260400705",CARPINA,"2604007",CARPINA,MATA SETENTRIONAL PERNAMBUCANA,MATA PERNAMBUCANA,"4","0","16.9014084507042","100","0","5.63380281690141","0","16.9014084507042","16.9014084507042"
"15","2462","2462","24939","260400705000015",URBANO,,,,"260400705",CARPINA,"2604007",CARPINA,MATA SETENTRIONAL PERNAMBUCANA,MATA PERNAMBUCANA,"4","0","16.9014084507042","100","0","5.63380281690141","0","16.9014084507042","16.9014084507042"
"16","2502","2502","24979","260400705000055",URBANO,,,,"260400705",CARPINA,"2604007",CARPINA,MATA SETENTRIONAL PERNAMBUCANA,MATA PERNAMBUCANA,"9","0.45045045045045","18.6936936936937","5.40540540540541","0.225225225225225","6.98198198198198","0.225225225225225","13.5135135135135","23.1981981981982"
"17","2502","2502","24979","260400705000055",URBANO,,,,"260400705",CARPINA,"2604007",CARPINA,MATA SETENTRIONAL PERNAMBUCANA,MATA PERNAMBUCANA,"9","0.45045045045045","18.6936936936937","5.40540540540541","0.225225225225225","6.98198198198198","0.225225225225225","13.5135135135135","23.1981981981982"
"18","2504","2504","24981","260400705000057",URBANO,,,,"260400705",CARPINA,"2604007",CARPINA,MATA SETENTRIONAL PERNAMBUCANA,MATA PERNAMBUCANA,"2","0","25.7462686567164","92.5373134328358","0","14.1791044776119","1.11940298507463","22.7611940298507","23.5074626865672"
"19","2504","2504","24981","260400705000057",URBANO,,,,"260400705",CARPINA,"2604007",CARPINA,MATA SETENTRIONAL PERNAMBUCANA,MATA PERNAMBUCANA,"2","0","25.7462686567164","92.5373134328358","0","14.1791044776119","1.11940298507463","22.7611940298507","23.5074626865672"
"20","2501","2501","24978","260400705000054",URBANO,,,,"260400705",CARPINA,"2604007",CARPINA,MATA SETENTRIONAL PERNAMBUCANA,MATA PERNAMBUCANA,"0","0","4.739336492891","68.2464454976303","0","62.5592417061611","0","10.9004739336493","27.4881516587678"
"21","2501","2501","24978","260400705000054",URBANO,,,,"260400705",CARPINA,"2604007",CARPINA,MATA SETENTRIONAL PERNAMBUCANA,MATA PERNAMBUCANA,"0","0","4.739336492891","68.2464454976303","0","62.5592417061611","0","10.9004739336493","27.4881516587678"
"22","2506","2506","24983","260400705000059",RURAL,,,,"260400705",CARPINA,"2604007",CARPINA,MATA SETENTRIONAL PERNAMBUCANA,MATA PERNAMBUCANA,"1","0.324675324675325","93.1818181818182","91.5584415584416","4.87012987012987","95.4545454545455","1.2987012987013","3.57142857142857","31.4935064935065"
"23","2506","2506","24983","260400705000059",RURAL,,,,"260400705",CARPINA,"2604007",CARPINA,MATA SETENTRIONAL PERNAMBUCANA,MATA PERNAMBUCANA,"1","0.324675324675325","93.1818181818182","91.5584415584416","4.87012987012987","95.4545454545455","1.2987012987013","3.57142857142857","31.4935064935065"
"24","12041","12041","34517","261550805000009",URBANO,,,,"261550805",TRACUNHAÃÂM,"2615508",TRACUNHAÃÂM,MATA SETENTRIONAL PERNAMBUCANA,MATA PERNAMBUCANA,"24","0","25.297619047619","91.9642857142857","0.297619047619048","19.047619047619","0.595238095238095","12.202380952381","21.1309523809524"
"25","12041","12041","34517","261550805000009",URBANO,,,,"261550805",TRACUNHAÃÂM,"2615508",TRACUNHAÃÂM,MATA SETENTRIONAL PERNAMBUCANA,MATA PERNAMBUCANA,"24","0","25.297619047619","91.9642857142857","0.297619047619048","19.047619047619","0.595238095238095","12.202380952381","21.1309523809524"
"26","12034","12034","34510","261550805000002",URBANO,,,,"261550805",TRACUNHAÃÂM,"2615508",TRACUNHAÃÂM,MATA SETENTRIONAL PERNAMBUCANA,MATA PERNAMBUCANA,"15","0.284090909090909","42.8977272727273","96.0227272727273","0.284090909090909","4.82954545454545","0.568181818181818","14.2045454545455","27.2727272727273"
"27","12034","12034","34510","261550805000002",URBANO,,,,"261550805",TRACUNHAÃÂM,"2615508",TRACUNHAÃÂM,MATA SETENTRIONAL PERNAMBUCANA,MATA PERNAMBUCANA,"15","0.284090909090909","42.8977272727273","96.0227272727273","0.284090909090909","4.82954545454545","0.568181818181818","14.2045454545455","27.2727272727273"
"28","6395","6395","28786","260950105000027",RURAL,,,,"260950105",NAZARÃÂ DA MATA,"2609501",NAZARÃÂ DA MATA,MATA SETENTRIONAL PERNAMBUCANA,MATA PERNAMBUCANA,"1","0.483091787439614","90.8212560386473","84.5410628019324","1.44927536231884","94.2028985507246","0","4.83091787439614","18.3574879227053"
"29","6395","6395","28786","260950105000027",RURAL,,,,"260950105",NAZARÃÂ DA MATA,"2609501",NAZARÃÂ DA MATA,MATA SETENTRIONAL PERNAMBUCANA,MATA PERNAMBUCANA,"1","0.483091787439614","90.8212560386473","84.5410628019324","1.44927536231884","94.2028985507246","0","4.83091787439614","18.3574879227053"
"30","6396","6396","28787","260950105000028",RURAL,,,,"260950105",NAZARÃÂ DA MATA,"2609501",NAZARÃÂ DA MATA,MATA SETENTRIONAL PERNAMBUCANA,MATA PERNAMBUCANA,"0","0","94.0740740740741","5.18518518518519","0","98.5185185185185","0","4.44444444444444","34.0740740740741"
"31","6396","6396","28787","260950105000028",RURAL,,,,"260950105",NAZARÃÂ DA MATA,"2609501",NAZARÃÂ DA MATA,MATA SETENTRIONAL PERNAMBUCANA,MATA PERNAMBUCANA,"0","0","94.0740740740741","5.18518518518519","0","98.5185185185185","0","4.44444444444444","34.0740740740741"
"32","2469","2469","24946","260400705000022",URBANO,,,,"260400705",CARPINA,"2604007",CARPINA,MATA SETENTRIONAL PERNAMBUCANA,MATA PERNAMBUCANA,"2","0.423728813559322","20.3389830508475","80.9322033898305","0.423728813559322","0.847457627118644","0","11.0169491525424","14.8305084745763"
"33","2469","2469","24946","260400705000022",URBANO,,,,"260400705",CARPINA,"2604007",CARPINA,MATA SETENTRIONAL PERNAMBUCANA,MATA PERNAMBUCANA,"2","0.423728813559322","20.3389830508475","80.9322033898305","0.423728813559322","0.847457627118644","0","11.0169491525424","14.8305084745763"
"34","2516","2516","24993","260400705000069",URBANO,,,,"260400705",CARPINA,"2604007",CARPINA,MATA SETENTRIONAL PERNAMBUCANA,MATA PERNAMBUCANA,"0","2.10843373493976","11.144578313253","97.289156626506","0","0","0","20.1807228915663","21.0843373493976"
"35","2516","2516","24993","260400705000069",URBANO,,,,"260400705",CARPINA,"2604007",CARPINA,MATA SETENTRIONAL PERNAMBUCANA,MATA PERNAMBUCANA,"0","2.10843373493976","11.144578313253","97.289156626506","0","0","0","20.1807228915663","21.0843373493976"
"36","2464","2464","24941","260400705000017",URBANO,,,,"260400705",CARPINA,"2604007",CARPINA,MATA SETENTRIONAL PERNAMBUCANA,MATA PERNAMBUCANA,"9","0","17.3913043478261","98.2608695652174","0","0","0","11.304347826087","29.5652173913043"
"37","2464","2464","24941","260400705000017",URBANO,,,,"260400705",CARPINA,"2604007",CARPINA,MATA SETENTRIONAL PERNAMBUCANA,MATA PERNAMBUCANA,"9","0","17.3913043478261","98.2608695652174","0","0","0","11.304347826087","29.5652173913043"
"38","6258","6258","29749","261060805000050",RURAL,,,,"261060805",PAUDALHO,"2610608",PAUDALHO,MATA SETENTRIONAL PERNAMBUCANA,MATA PERNAMBUCANA,"45","0","96.4566929133858","89.7637795275591","7.8740157480315","88.9763779527559","2.36220472440945","0","27.9527559055118"
"39","7270","7270","29733","261060805000034",URBANO,,,,"261060805",PAUDALHO,"2610608",PAUDALHO,MATA SETENTRIONAL PERNAMBUCANA,MATA PERNAMBUCANA,"6","1.44927536231884","55.0724637681159","78.9855072463768","0.72463768115942","35.5072463768116","0","14.4927536231884","17.3913043478261"
"40","7270","7270","29733","261060805000034",URBANO,,,,"261060805",PAUDALHO,"2610608",PAUDALHO,MATA SETENTRIONAL PERNAMBUCANA,MATA PERNAMBUCANA,"6","1.44927536231884","55.0724637681159","78.9855072463768","0.72463768115942","35.5072463768116","0","14.4927536231884","17.3913043478261"
"41","7286","7286","29763","261060805000064",URBANO,,,,"261060805",PAUDALHO,"2610608",PAUDALHO,MATA SETENTRIONAL PERNAMBUCANA,MATA PERNAMBUCANA,"4","0","63.1578947368421","84.2105263157895","0","55.2631578947368","0","0","18.4210526315789"
"42","7286","7286","29763","261060805000064",URBANO,,,,"261060805",PAUDALHO,"2610608",PAUDALHO,MATA SETENTRIONAL PERNAMBUCANA,MATA PERNAMBUCANA,"4","0","63.1578947368421","84.2105263157895","0","55.2631578947368","0","0","18.4210526315789"
"43","2503","2503","24980","260400705000056",URBANO,,,,"260400705",CARPINA,"2604007",CARPINA,MATA SETENTRIONAL PERNAMBUCANA,MATA PERNAMBUCANA,"0","0","49.8901098901099","90.5494505494506","0.43956043956044","16.7032967032967","0.659340659340659","16.7032967032967","23.2967032967033"
"44","2503","2503","24980","260400705000056",URBANO,,,,"260400705",CARPINA,"2604007",CARPINA,MATA SETENTRIONAL PERNAMBUCANA,MATA PERNAMBUCANA,"0","0","49.8901098901099","90.5494505494506","0.43956043956044","16.7032967032967","0.659340659340659","16.7032967032967","23.2967032967033"
"45","6259","6259","29750","261060805000051",RURAL,,,,"261060805",PAUDALHO,"2610608",PAUDALHO,MATA SETENTRIONAL PERNAMBUCANA,MATA PERNAMBUCANA,"0","0","95.9090909090909","20.4545454545455","1.36363636363636","91.3636363636364","1.36363636363636","5","31.3636363636364"
"46","6259","6259","29750","261060805000051",RURAL,,,,"261060805",PAUDALHO,"2610608",PAUDALHO,MATA SETENTRIONAL PERNAMBUCANA,MATA PERNAMBUCANA,"0","0","95.9090909090909","20.4545454545455","1.36363636363636","91.3636363636364","1.36363636363636","5","31.3636363636364"
"47","6387","6387","28778","260950105000019",URBANO,,,,"260950105",NAZARÃÂ DA MATA,"2609501",NAZARÃÂ DA MATA,MATA SETENTRIONAL PERNAMBUCANA,MATA PERNAMBUCANA,"2","0.518134715025907","33.6787564766839","80.3108808290155","7.25388601036269","0","0.518134715025907","10.3626943005181","19.6891191709845"
"48","6387","6387","28778","260950105000019",URBANO,,,,"260950105",NAZARÃÂ DA MATA,"2609501",NAZARÃÂ DA MATA,MATA SETENTRIONAL PERNAMBUCANA,MATA PERNAMBUCANA,"2","0.518134715025907","33.6787564766839","80.3108808290155","7.25388601036269","0","0.518134715025907","10.3626943005181","19.6891191709845"
"49","6388","6388","28779","260950105000020",URBANO,,,,"260950105",NAZARÃÂ DA MATA,"2609501",NAZARÃÂ DA MATA,MATA SETENTRIONAL PERNAMBUCANA,MATA PERNAMBUCANA,"1","0","19.0883190883191","33.6182336182336","1.13960113960114","0.284900284900285","0.854700854700855","12.8205128205128","21.9373219373219"
"50","6388","6388","28779","260950105000020",URBANO,,,,"260950105",NAZARÃÂ DA MATA,"2609501",NAZARÃÂ DA MATA,MATA SETENTRIONAL PERNAMBUCANA,MATA PERNAMBUCANA,"1","0","19.0883190883191","33.6182336182336","1.13960113960114","0.284900284900285","0.854700854700855","12.8205128205128","21.9373219373219"
"51","6384","6384","28775","260950105000016",URBANO,,,,"260950105",NAZARÃÂ DA MATA,"2609501",NAZARÃÂ DA MATA,MATA SETENTRIONAL PERNAMBUCANA,MATA PERNAMBUCANA,"1","1.40845070422535","4.92957746478873","55.6338028169014","0.704225352112676","21.830985915493","0","23.943661971831","14.7887323943662"
"52","6384","6384","28775","260950105000016",URBANO,,,,"260950105",NAZARÃÂ DA MATA,"2609501",NAZARÃÂ DA MATA,MATA SETENTRIONAL PERNAMBUCANA,MATA PERNAMBUCANA,"1","1.40845070422535","4.92957746478873","55.6338028169014","0.704225352112676","21.830985915493","0","23.943661971831","14.7887323943662"
"53","6408","6408","28799","260950105000040",URBANO,,,,"260950105",NAZARÃÂ DA MATA,"2609501",NAZARÃÂ DA MATA,MATA SETENTRIONAL PERNAMBUCANA,MATA PERNAMBUCANA,"0","0","24.7619047619048","33.8095238095238","1.42857142857143","0","0.476190476190476","11.4285714285714","26.6666666666667"
"54","6408","6408","28799","260950105000040",URBANO,,,,"260950105",NAZARÃÂ DA MATA,"2609501",NAZARÃÂ DA MATA,MATA SETENTRIONAL PERNAMBUCANA,MATA PERNAMBUCANA,"0","0","24.7619047619048","33.8095238095238","1.42857142857143","0","0.476190476190476","11.4285714285714","26.6666666666667"
"55","6386","6386","28777","260950105000018",URBANO,,,,"260950105",NAZARÃÂ DA MATA,"2609501",NAZARÃÂ DA MATA,MATA SETENTRIONAL PERNAMBUCANA,MATA PERNAMBUCANA,"11","0","3.15315315315315","12.6126126126126","0","0","0.45045045045045","18.4684684684685","23.8738738738739"
"56","6386","6386","28777","260950105000018",URBANO,,,,"260950105",NAZARÃÂ DA MATA,"2609501",NAZARÃÂ DA MATA,MATA SETENTRIONAL PERNAMBUCANA,MATA PERNAMBUCANA,"11","0","3.15315315315315","12.6126126126126","0","0","0.45045045045045","18.4684684684685","23.8738738738739"
"57","6389","6389","28780","260950105000021",URBANO,,,,"260950105",NAZARÃÂ DA MATA,"2609501",NAZARÃÂ DA MATA,MATA SETENTRIONAL PERNAMBUCANA,MATA PERNAMBUCANA,"6","0","0.520833333333333","1.04166666666667","0","23.4375","0","16.1458333333333","22.9166666666667"
"58","6389","6389","28780","260950105000021",URBANO,,,,"260950105",NAZARÃÂ DA MATA,"2609501",NAZARÃÂ DA MATA,MATA SETENTRIONAL PERNAMBUCANA,MATA PERNAMBUCANA,"6","0","0.520833333333333","1.04166666666667","0","23.4375","0","16.1458333333333","22.9166666666667"
"59","6385","6385","28776","260950105000017",URBANO,,,,"260950105",NAZARÃÂ DA MATA,"2609501",NAZARÃÂ DA MATA,MATA SETENTRIONAL PERNAMBUCANA,MATA PERNAMBUCANA,"0","0.302114803625378","0.604229607250755","20.2416918429003","0","0.302114803625378","0","21.1480362537764","20.8459214501511"
"60","6385","6385","28776","260950105000017",URBANO,,,,"260950105",NAZARÃÂ DA MATA,"2609501",NAZARÃÂ DA MATA,MATA SETENTRIONAL PERNAMBUCANA,MATA PERNAMBUCANA,"0","0.302114803625378","0.604229607250755","20.2416918429003","0","0.302114803625378","0","21.1480362537764","20.8459214501511"
"61","6390","6390","28781","260950105000022",URBANO,,,,"260950105",NAZARÃÂ DA MATA,"2609501",NAZARÃÂ DA MATA,MATA SETENTRIONAL PERNAMBUCANA,MATA PERNAMBUCANA,"3","0","14.5985401459854","8.02919708029197","0","4.37956204379562","0.24330900243309","16.301703163017","19.9513381995134"
"62","6390","6390","28781","260950105000022",URBANO,,,,"260950105",NAZARÃÂ DA MATA,"2609501",NAZARÃÂ DA MATA,MATA SETENTRIONAL PERNAMBUCANA,MATA PERNAMBUCANA,"3","0","14.5985401459854","8.02919708029197","0","4.37956204379562","0.24330900243309","16.301703163017","19.9513381995134"
"63","6392","6392","28783","260950105000024",URBANO,,,,"260950105",NAZARÃÂ DA MATA,"2609501",NAZARÃÂ DA MATA,MATA SETENTRIONAL PERNAMBUCANA,MATA PERNAMBUCANA,"34","0","0.803212851405622","0.803212851405622","0.401606425702811","0","0","15.2610441767068","23.2931726907631"
"64","6392","6392","28783","260950105000024",URBANO,,,,"260950105",NAZARÃÂ DA MATA,"2609501",NAZARÃÂ DA MATA,MATA SETENTRIONAL PERNAMBUCANA,MATA PERNAMBUCANA,"34","0","0.803212851405622","0.803212851405622","0.401606425702811","0","0","15.2610441767068","23.2931726907631"
"65","6371","6371","28762","260950105000003",URBANO,,,,"260950105",NAZARÃÂ DA MATA,"2609501",NAZARÃÂ DA MATA,MATA SETENTRIONAL PERNAMBUCANA,MATA PERNAMBUCANA,"5","0","1.70454545454545","2.27272727272727","0","0","0","31.8181818181818","21.5909090909091"
"66","6371","6371","28762","260950105000003",URBANO,,,,"260950105",NAZARÃÂ DA MATA,"2609501",NAZARÃÂ DA MATA,MATA SETENTRIONAL PERNAMBUCANA,MATA PERNAMBUCANA,"5","0","1.70454545454545","2.27272727272727","0","0","0","31.8181818181818","21.5909090909091"
"67","6372","6372","28763","260950105000004",URBANO,,,,"260950105",NAZARÃÂ DA MATA,"2609501",NAZARÃÂ DA MATA,MATA SETENTRIONAL PERNAMBUCANA,MATA PERNAMBUCANA,"40","0","1.171875","1.5625","0","1.5625","0","18.75","21875"
"68","6372","6372","28763","260950105000004",URBANO,,,,"260950105",NAZARÃÂ DA MATA,"2609501",NAZARÃÂ DA MATA,MATA SETENTRIONAL PERNAMBUCANA,MATA PERNAMBUCANA,"40","0","1.171875","1.5625","0","1.5625","0","18.75","21875"
"69","6373","6373","28764","260950105000005",URBANO,,,,"260950105",NAZARÃÂ DA MATA,"2609501",NAZARÃÂ DA MATA,MATA SETENTRIONAL PERNAMBUCANA,MATA PERNAMBUCANA,"0","0","0","29.9651567944251","1.04529616724739","0.696864111498258","0","32.0557491289199","18.4668989547038"
"70","6373","6373","28764","260950105000005",URBANO,,,,"260950105",NAZARÃÂ DA MATA,"2609501",NAZARÃÂ DA MATA,MATA SETENTRIONAL PERNAMBUCANA,MATA PERNAMBUCANA,"0","0","0","29.9651567944251","1.04529616724739","0.696864111498258","0","32.0557491289199","18.4668989547038"
"71","6393","6393","28784","260950105000025",RURAL,,,,"260950105",NAZARÃÂ DA MATA,"2609501",NAZARÃÂ DA MATA,MATA SETENTRIONAL PERNAMBUCANA,MATA PERNAMBUCANA,"0","3.03030303030303","84.8484848484848","15.1515151515152","0","96.969696969697","0","0","30.3030303030303"
"72","6393","6393","28784","260950105000025",RURAL,,,,"260950105",NAZARÃÂ DA MATA,"2609501",NAZARÃÂ DA MATA,MATA SETENTRIONAL PERNAMBUCANA,MATA PERNAMBUCANA,"0","3.03030303030303","84.8484848484848","15.1515151515152","0","96.969696969697","0","0","30.3030303030303"
"73","6398","6398","28789","260950105000030",RURAL,,,,"260950105",NAZARÃÂ DA MATA,"2609501",NAZARÃÂ DA MATA,MATA SETENTRIONAL PERNAMBUCANA,MATA PERNAMBUCANA,"0","0","83.3333333333333","83.3333333333333","13.8888888888889","100","5.55555555555556","0","41.6666666666667"
"74","6398","6398","28789","260950105000030",RURAL,,,,"260950105",NAZARÃÂ DA MATA,"2609501",NAZARÃÂ DA MATA,MATA SETENTRIONAL PERNAMBUCANA,MATA PERNAMBUCANA,"0","0","83.3333333333333","83.3333333333333","13.8888888888889","100","5.55555555555556","0","41.6666666666667"
"75","394","394","22884","260070805000018",RURAL,,,,"260070805",ALIANÃÂA,"2600708",ALIANÃÂA,MATA SETENTRIONAL PERNAMBUCANA,MATA PERNAMBUCANA,"6","1.42857142857143","92.8571428571429","94.2857142857143","0","94.2857142857143","0","0","40"
"76","394","394","22884","260070805000018",RURAL,,,,"260070805",ALIANÃÂA,"2600708",ALIANÃÂA,MATA SETENTRIONAL PERNAMBUCANA,MATA PERNAMBUCANA,"6","1.42857142857143","92.8571428571429","94.2857142857143","0","94.2857142857143","0","0","40"
"77","395","395","22885","260070805000019",RURAL,,,,"260070805",ALIANÃÂA,"2600708",ALIANÃÂA,MATA SETENTRIONAL PERNAMBUCANA,MATA PERNAMBUCANA,"2","0","96.4285714285714","98.8095238095238","0","64.2857142857143","1.19047619047619","0","46.4285714285714"
"78","395","395","22885","260070805000019",RURAL,,,,"260070805",ALIANÃÂA,"2600708",ALIANÃÂA,MATA SETENTRIONAL PERNAMBUCANA,MATA PERNAMBUCANA,"2","0","96.4285714285714","98.8095238095238","0","64.2857142857143","1.19047619047619","0","46.4285714285714"
"79","13","13","22873","260070805000007",URBANO,,,,"260070805",ALIANÃÂA,"2600708",ALIANÃÂA,MATA SETENTRIONAL PERNAMBUCANA,MATA PERNAMBUCANA,"0","0","2.56410256410256","76.0683760683761","0","1.28205128205128","0.427350427350427","23.5042735042735","23.0769230769231"
"80","13","13","22873","260070805000007",URBANO,,,,"260070805",ALIANÃÂA,"2600708",ALIANÃÂA,MATA SETENTRIONAL PERNAMBUCANA,MATA PERNAMBUCANA,"0","0","2.56410256410256","76.0683760683761","0","1.28205128205128","0.427350427350427","23.5042735042735","23.0769230769231"
"81","14","14","22874","260070805000008",URBANO,,,,"260070805",ALIANÃÂA,"2600708",ALIANÃÂA,MATA SETENTRIONAL PERNAMBUCANA,MATA PERNAMBUCANA,"0","0","0.743494423791822","7.80669144981413","0","0","0","14.1263940520446","22.6765799256506"
"82","14","14","22874","260070805000008",URBANO,,,,"260070805",ALIANÃÂA,"2600708",ALIANÃÂA,MATA SETENTRIONAL PERNAMBUCANA,MATA PERNAMBUCANA,"0","0","0.743494423791822","7.80669144981413","0","0","0","14.1263940520446","22.6765799256506"
"83","387","387","22877","260070805000011",URBANO,,,,"260070805",ALIANÃÂA,"2600708",ALIANÃÂA,MATA SETENTRIONAL PERNAMBUCANA,MATA PERNAMBUCANA,"0","0.537634408602151","7.79569892473118","80.1075268817204","1.34408602150538","10.4838709677419","0.268817204301075","12.0967741935484","26.8817204301075"
"84","387","387","22877","260070805000011",URBANO,,,,"260070805",ALIANÃÂA,"2600708",ALIANÃÂA,MATA SETENTRIONAL PERNAMBUCANA,MATA PERNAMBUCANA,"0","0.537634408602151","7.79569892473118","80.1075268817204","1.34408602150538","10.4838709677419","0.268817204301075","12.0967741935484","26.8817204301075"
"85","396","396","22886","260070805000020",RURAL,,,,"260070805",ALIANÃÂA,"2600708",ALIANÃÂA,MATA SETENTRIONAL PERNAMBUCANA,MATA PERNAMBUCANA,"0","0.598802395209581","25.1497005988024","18.2634730538922","6.2874251497006","35.6287425149701","1.49700598802395","8.08383233532934","27.2455089820359"
"86","396","396","22886","260070805000020",RURAL,,,,"260070805",ALIANÃÂA,"2600708",ALIANÃÂA,MATA SETENTRIONAL PERNAMBUCANA,MATA PERNAMBUCANA,"0","0.598802395209581","25.1497005988024","18.2634730538922","6.2874251497006","35.6287425149701","1.49700598802395","8.08383233532934","27.2455089820359"
"87","7258","7258","29721","261060805000022",URBANO,,,,"261060805",PAUDALHO,"2610608",PAUDALHO,MATA SETENTRIONAL PERNAMBUCANA,MATA PERNAMBUCANA,"0","0","0.806451612903226","11.2903225806452","4.03225806451613","9.67741935483871","0","8.06451612903226","17.741935483871"
"88","7258","7258","29721","261060805000022",URBANO,,,,"261060805",PAUDALHO,"2610608",PAUDALHO,MATA SETENTRIONAL PERNAMBUCANA,MATA PERNAMBUCANA,"0","0","0.806451612903226","11.2903225806452","4.03225806451613","9.67741935483871","0","8.06451612903226","17.741935483871"
"89","7261","7261","29724","261060805000025",URBANO,,,,"261060805",PAUDALHO,"2610608",PAUDALHO,MATA SETENTRIONAL PERNAMBUCANA,MATA PERNAMBUCANA,"24","0","10.4761904761905","83.1746031746032","0.317460317460317","15.5555555555556","1.58730158730159","14.6031746031746","23.8095238095238"
"90","7261","7261","29724","261060805000025",URBANO,,,,"261060805",PAUDALHO,"2610608",PAUDALHO,MATA SETENTRIONAL PERNAMBUCANA,MATA PERNAMBUCANA,"24","0","10.4761904761905","83.1746031746032","0.317460317460317","15.5555555555556","1.58730158730159","14.6031746031746","23.8095238095238"
"91","7262","7262","29725","261060805000026",URBANO,,,,"261060805",PAUDALHO,"2610608",PAUDALHO,MATA SETENTRIONAL PERNAMBUCANA,MATA PERNAMBUCANA,"42","6.14334470989761","2.38907849829352","88.7372013651877","0.341296928327645","3.7542662116041","0.341296928327645","15.6996587030717","23.2081911262799"
"92","7262","7262","29725","261060805000026",URBANO,,,,"261060805",PAUDALHO,"2610608",PAUDALHO,MATA SETENTRIONAL PERNAMBUCANA,MATA PERNAMBUCANA,"42","6.14334470989761","2.38907849829352","88.7372013651877","0.341296928327645","3.7542662116041","0.341296928327645","15.6996587030717","23.2081911262799"
"93","7285","7285","29762","261060805000063",URBANO,,,,"261060805",PAUDALHO,"2610608",PAUDALHO,MATA SETENTRIONAL PERNAMBUCANA,MATA PERNAMBUCANA,"4","0","66.6666666666667","64.1509433962264","32.7044025157233","93.7106918238994","2.51572327044025","5.0314465408805","30.8176100628931"
"94","7285","7285","29762","261060805000063",URBANO,,,,"261060805",PAUDALHO,"2610608",PAUDALHO,MATA SETENTRIONAL PERNAMBUCANA,MATA PERNAMBUCANA,"4","0","66.6666666666667","64.1509433962264","32.7044025157233","93.7106918238994","2.51572327044025","5.0314465408805","30.8176100628931"
"95","7259","7259","29722","261060805000023",URBANO,,,,"261060805",PAUDALHO,"2610608",PAUDALHO,MATA SETENTRIONAL PERNAMBUCANA,MATA PERNAMBUCANA,"0","0","0.403225806451613","16.5322580645161","0.403225806451613","5.64516129032258","0","13.3064516129032","10.8870967741935"
"96","7259","7259","29722","261060805000023",URBANO,,,,"261060805",PAUDALHO,"2610608",PAUDALHO,MATA SETENTRIONAL PERNAMBUCANA,MATA PERNAMBUCANA,"0","0","0.403225806451613","16.5322580645161","0.403225806451613","5.64516129032258","0","13.3064516129032","10.8870967741935"
"97","7254","7254","29717","261060805000018",URBANO,,,,"261060805",PAUDALHO,"2610608",PAUDALHO,MATA SETENTRIONAL PERNAMBUCANA,MATA PERNAMBUCANA,"8","0","99.3827160493827","88.8888888888889","9.87654320987654","60.4938271604938","3.08641975308642","2.46913580246914","25.3086419753086"
"98","7254","7254","29717","261060805000018",URBANO,,,,"261060805",PAUDALHO,"2610608",PAUDALHO,MATA SETENTRIONAL PERNAMBUCANA,MATA PERNAMBUCANA,"8","0","99.3827160493827","88.8888888888889","9.87654320987654","60.4938271604938","3.08641975308642","2.46913580246914","25.3086419753086"
"99","7241","7241","29704","261060805000005",URBANO,,,,"261060805",PAUDALHO,"2610608",PAUDALHO,MATA SETENTRIONAL PERNAMBUCANA,MATA PERNAMBUCANA,"11","0.62111801242236","33.3333333333333","10.1449275362319","6.2111801242236","77.0186335403727","0.41407867494824","9.3167701863354","21.5320910973085"
"100","7241","7241","29704","261060805000005",URBANO,,,,"261060805",PAUDALHO,"2610608",PAUDALHO,MATA SETENTRIONAL PERNAMBUCANA,MATA PERNAMBUCANA,"11","0.62111801242236","33.3333333333333","10.1449275362319","6.2111801242236","77.0186335403727","0.41407867494824","9.3167701863354","21.5320910973085"
"101","7279","7279","29756","261060805000057",URBANO,,,,"261060805",PAUDALHO,"2610608",PAUDALHO,MATA SETENTRIONAL PERNAMBUCANA,MATA PERNAMBUCANA,"1","0.735294117647059","30.1470588235294","86.7647058823529","4.04411764705882","9.55882352941176","1.83823529411765","10.2941176470588","24.6323529411765"
"102","7279","7279","29756","261060805000057",URBANO,,,,"261060805",PAUDALHO,"2610608",PAUDALHO,MATA SETENTRIONAL PERNAMBUCANA,MATA PERNAMBUCANA,"1","0.735294117647059","30.1470588235294","86.7647058823529","4.04411764705882","9.55882352941176","1.83823529411765","10.2941176470588","24.6323529411765"
"103","7253","7253","29716","261060805000017",URBANO,,,,"261060805",PAUDALHO,"2610608",PAUDALHO,MATA SETENTRIONAL PERNAMBUCANA,MATA PERNAMBUCANA,"5","0.294985250737463","77.2861356932153","96.165191740413","2.65486725663717","85.8407079646018","1.76991150442478","7.37463126843658","26.8436578171091"
"104","7253","7253","29716","261060805000017",URBANO,,,,"261060805",PAUDALHO,"2610608",PAUDALHO,MATA SETENTRIONAL PERNAMBUCANA,MATA PERNAMBUCANA,"5","0.294985250737463","77.2861356932153","96.165191740413","2.65486725663717","85.8407079646018","1.76991150442478","7.37463126843658","26.8436578171091"
"105","7251","7251","29714","261060805000015",URBANO,,,,"261060805",PAUDALHO,"2610608",PAUDALHO,MATA SETENTRIONAL PERNAMBUCANA,MATA PERNAMBUCANA,"1","0","11.1111111111111","96.8888888888889","1.33333333333333","17.7777777777778","0.444444444444444","14.2222222222222","22.2222222222222"
"106","7251","7251","29714","261060805000015",URBANO,,,,"261060805",PAUDALHO,"2610608",PAUDALHO,MATA SETENTRIONAL PERNAMBUCANA,MATA PERNAMBUCANA,"1","0","11.1111111111111","96.8888888888889","1.33333333333333","17.7777777777778","0.444444444444444","14.2222222222222","22.2222222222222"
"107","7240","7240","29703","261060805000004",URBANO,,,,"261060805",PAUDALHO,"2610608",PAUDALHO,MATA SETENTRIONAL PERNAMBUCANA,MATA PERNAMBUCANA,"35","0","5.36277602523659","77.2870662460568","0.946372239747634","53.9432176656151","0.315457413249211","8.83280757097792","25.2365930599369"
"108","7240","7240","29703","261060805000004",URBANO,,,,"261060805",PAUDALHO,"2610608",PAUDALHO,MATA SETENTRIONAL PERNAMBUCANA,MATA PERNAMBUCANA,"35","0","5.36277602523659","77.2870662460568","0.946372239747634","53.9432176656151","0.315457413249211","8.83280757097792","25.2365930599369"
"109","7273","7273","29736","261060805000037",URBANO,,,,"261060805",PAUDALHO,"2610608",PAUDALHO,MATA SETENTRIONAL PERNAMBUCANA,MATA PERNAMBUCANA,"0","0","0","10.3139013452915","0","0","0","17.4887892376682","19.7309417040359"
"110","7273","7273","29736","261060805000037",URBANO,,,,"261060805",PAUDALHO,"2610608",PAUDALHO,MATA SETENTRIONAL PERNAMBUCANA,MATA PERNAMBUCANA,"0","0","0","10.3139013452915","0","0","0","17.4887892376682","19.7309417040359"
"111","7277","7277","29754","261060805000055",URBANO,,,,"261060805",PAUDALHO,"2610608",PAUDALHO,MATA SETENTRIONAL PERNAMBUCANA,MATA PERNAMBUCANA,"2","0","0","22.7027027027027","0","0.540540540540541","0.540540540540541","17.2972972972973","21.6216216216216"
"112","7277","7277","29754","261060805000055",URBANO,,,,"261060805",PAUDALHO,"2610608",PAUDALHO,MATA SETENTRIONAL PERNAMBUCANA,MATA PERNAMBUCANA,"2","0","0","22.7027027027027","0","0.540540540540541","0.540540540540541","17.2972972972973","21.6216216216216"
"113","7239","7239","29702","261060805000003",URBANO,,,,"261060805",PAUDALHO,"2610608",PAUDALHO,MATA SETENTRIONAL PERNAMBUCANA,MATA PERNAMBUCANA,"5","1.19760479041916","0.598802395209581","14.3712574850299","0","2.9940119760479","0.598802395209581","19.7604790419162","16.7664670658683"
"114","7239","7239","29702","261060805000003",URBANO,,,,"261060805",PAUDALHO,"2610608",PAUDALHO,MATA SETENTRIONAL PERNAMBUCANA,MATA PERNAMBUCANA,"5","1.19760479041916","0.598802395209581","14.3712574850299","0","2.9940119760479","0.598802395209581","19.7604790419162","16.7664670658683"
"115","7250","7250","29713","261060805000014",URBANO,,,,"261060805",PAUDALHO,"2610608",PAUDALHO,MATA SETENTRIONAL PERNAMBUCANA,MATA PERNAMBUCANA,"0","0","1.05263157894737","70.5263157894737","0","2.10526315789474","0","8.42105263157895","21.0526315789474"
"116","7250","7250","29713","261060805000014",URBANO,,,,"261060805",PAUDALHO,"2610608",PAUDALHO,MATA SETENTRIONAL PERNAMBUCANA,MATA PERNAMBUCANA,"0","0","1.05263157894737","70.5263157894737","0","2.10526315789474","0","8.42105263157895","21.0526315789474"
"117","7248","7248","29711","261060805000012",URBANO,,,,"261060805",PAUDALHO,"2610608",PAUDALHO,MATA SETENTRIONAL PERNAMBUCANA,MATA PERNAMBUCANA,"0","0","0.452488687782805","14.4796380090498","0.904977375565611","1.80995475113122","0","26.6968325791855","24.4343891402715"
"118","7248","7248","29711","261060805000012",URBANO,,,,"261060805",PAUDALHO,"2610608",PAUDALHO,MATA SETENTRIONAL PERNAMBUCANA,MATA PERNAMBUCANA,"0","0","0.452488687782805","14.4796380090498","0.904977375565611","1.80995475113122","0","26.6968325791855","24.4343891402715"
"119","7249","7249","29712","261060805000013",URBANO,,,,"261060805",PAUDALHO,"2610608",PAUDALHO,MATA SETENTRIONAL PERNAMBUCANA,MATA PERNAMBUCANA,"2","0.307692307692308","5.23076923076923","91.6923076923077","5.23076923076923","16","0.307692307692308","16.3076923076923","24.3076923076923"
"120","7249","7249","29712","261060805000013",URBANO,,,,"261060805",PAUDALHO,"2610608",PAUDALHO,MATA SETENTRIONAL PERNAMBUCANA,MATA PERNAMBUCANA,"2","0.307692307692308","5.23076923076923","91.6923076923077","5.23076923076923","16","0.307692307692308","16.3076923076923","24.3076923076923"
"121","7263","7263","29726","261060805000027",URBANO,,,,"261060805",PAUDALHO,"2610608",PAUDALHO,MATA SETENTRIONAL PERNAMBUCANA,MATA PERNAMBUCANA,"12","0","6.66666666666667","18.7878787878788","0","4.24242424242424","0","20.6060606060606","18.1818181818182"
"122","7263","7263","29726","261060805000027",URBANO,,,,"261060805",PAUDALHO,"2610608",PAUDALHO,MATA SETENTRIONAL PERNAMBUCANA,MATA PERNAMBUCANA,"12","0","6.66666666666667","18.7878787878788","0","4.24242424242424","0","20.6060606060606","18.1818181818182"
"123","7281","7281","29758","261060805000059",URBANO,,,,"261060805",PAUDALHO,"2610608",PAUDALHO,MATA SETENTRIONAL PERNAMBUCANA,MATA PERNAMBUCANA,"3","0","15.7142857142857","95.2380952380952","2.85714285714286","13.3333333333333","0","14.2857142857143","21.4285714285714"
"124","7281","7281","29758","261060805000059",URBANO,,,,"261060805",PAUDALHO,"2610608",PAUDALHO,MATA SETENTRIONAL PERNAMBUCANA,MATA PERNAMBUCANA,"3","0","15.7142857142857","95.2380952380952","2.85714285714286","13.3333333333333","0","14.2857142857143","21.4285714285714"
"125","7282","7282","29759","261060805000060",URBANO,,,,"261060805",PAUDALHO,"2610608",PAUDALHO,MATA SETENTRIONAL PERNAMBUCANA,MATA PERNAMBUCANA,"0","0","92.8571428571429","18.6813186813187","4.3956043956044","29.1208791208791","1.64835164835165","4.94505494505495","29.1208791208791"
"126","7282","7282","29759","261060805000060",URBANO,,,,"261060805",PAUDALHO,"2610608",PAUDALHO,MATA SETENTRIONAL PERNAMBUCANA,MATA PERNAMBUCANA,"0","0","92.8571428571429","18.6813186813187","4.3956043956044","29.1208791208791","1.64835164835165","4.94505494505495","29.1208791208791"
"127","7266","7266","29729","261060805000030",URBANO,,,,"261060805",PAUDALHO,"2610608",PAUDALHO,MATA SETENTRIONAL PERNAMBUCANA,MATA PERNAMBUCANA,"0","0","100","46.8085106382979","4.25531914893617","36.1702127659575","4.25531914893617","4.25531914893617","21.2765957446809"
"128","7266","7266","29729","261060805000030",URBANO,,,,"261060805",PAUDALHO,"2610608",PAUDALHO,MATA SETENTRIONAL PERNAMBUCANA,MATA PERNAMBUCANA,"0","0","100","46.8085106382979","4.25531914893617","36.1702127659575","4.25531914893617","4.25531914893617","21.2765957446809"
"129","7267","7267","29730","261060805000031",URBANO,,,,"261060805",PAUDALHO,"2610608",PAUDALHO,MATA SETENTRIONAL PERNAMBUCANA,MATA PERNAMBUCANA,"14","5.10204081632653","100","95.9183673469388","0","69.3877551020408","0","2.04081632653061","19.3877551020408"
"130","7267","7267","29730","261060805000031",URBANO,,,,"261060805",PAUDALHO,"2610608",PAUDALHO,MATA SETENTRIONAL PERNAMBUCANA,MATA PERNAMBUCANA,"14","5.10204081632653","100","95.9183673469388","0","69.3877551020408","0","2.04081632653061","19.3877551020408"
"131","7284","7284","29761","261060805000062",URBANO,,,,"261060805",PAUDALHO,"2610608",PAUDALHO,MATA SETENTRIONAL PERNAMBUCANA,MATA PERNAMBUCANA,"0","0","96.9230769230769","95.3846153846154","0","1.53846153846154","0","10.7692307692308","12.3076923076923"
"132","7284","7284","29761","261060805000062",URBANO,,,,"261060805",PAUDALHO,"2610608",PAUDALHO,MATA SETENTRIONAL PERNAMBUCANA,MATA PERNAMBUCANA,"0","0","96.9230769230769","95.3846153846154","0","1.53846153846154","0","10.7692307692308","12.3076923076923"
"133","7298","7298","29775","261060805000076",RURAL,,,,"261060805",PAUDALHO,"2610608",PAUDALHO,MATA SETENTRIONAL PERNAMBUCANA,MATA PERNAMBUCANA,"23","1.69491525423729","95.7627118644068","71.1864406779661","11.0169491525424","83.0508474576271","2.54237288135593","2.54237288135593","26.271186440678"
"134","7287","7287","29764","261060805000065",RURAL,,,,"261060805",PAUDALHO,"2610608",PAUDALHO,MATA SETENTRIONAL PERNAMBUCANA,MATA PERNAMBUCANA,"38","0","72.7272727272727","95.1048951048951","4.89510489510489","53.8461538461538","0","2.7972027972028","20.979020979021"
"135","7287","7287","29764","261060805000065",RURAL,,,,"261060805",PAUDALHO,"2610608",PAUDALHO,MATA SETENTRIONAL PERNAMBUCANA,MATA PERNAMBUCANA,"38","0","72.7272727272727","95.1048951048951","4.89510489510489","53.8461538461538","0","2.7972027972028","20.979020979021"
"136","11231","11231","33665","261370105000058",URBANO,,,,"261370105",SÃÂO LOURENÃÂO DA MATA,"2613701",SÃÂO LOURENÃÂO DA MATA,RECIFE,METROPOLITANA DE RECIFE,"0","1.86046511627907","36.2790697674419","65.5813953488372","2.7906976744186","19.0697674418605","0.465116279069767","6.97674418604651","14.8837209302326"
"137","11231","11231","33665","261370105000058",URBANO,,,,"261370105",SÃÂO LOURENÃÂO DA MATA,"2613701",SÃÂO LOURENÃÂO DA MATA,RECIFE,METROPOLITANA DE RECIFE,"0","1.86046511627907","36.2790697674419","65.5813953488372","2.7906976744186","19.0697674418605","0.465116279069767","6.97674418604651","14.8837209302326"
"138","11244","11244","33678","261370105000071",RURAL,,,,"261370105",SÃÂO LOURENÃÂO DA MATA,"2613701",SÃÂO LOURENÃÂO DA MATA,RECIFE,METROPOLITANA DE RECIFE,"1","3.2258064516129","100","77.4193548387097","22.5806451612903","100","69.3548387096774","0","17.741935483871"
"139","11244","11244","33678","261370105000071",RURAL,,,,"261370105",SÃÂO LOURENÃÂO DA MATA,"2613701",SÃÂO LOURENÃÂO DA MATA,RECIFE,METROPOLITANA DE RECIFE,"1","3.2258064516129","100","77.4193548387097","22.5806451612903","100","69.3548387096774","0","17.741935483871"
"140","11243","11243","33677","261370105000070",RURAL,,,,"261370105",SÃÂO LOURENÃÂO DA MATA,"2613701",SÃÂO LOURENÃÂO DA MATA,RECIFE,METROPOLITANA DE RECIFE,"0","0","95.8333333333333","91.6666666666667","0","83.3333333333333","0","4.16666666666667","12.5"
"141","11243","11243","33677","261370105000070",RURAL,,,,"261370105",SÃÂO LOURENÃÂO DA MATA,"2613701",SÃÂO LOURENÃÂO DA MATA,RECIFE,METROPOLITANA DE RECIFE,"0","0","95.8333333333333","91.6666666666667","0","83.3333333333333","0","4.16666666666667","12.5"
"142","11283","11283","33717","261370105000110",URBANO,,,,"261370105",SÃÂO LOURENÃÂO DA MATA,"2613701",SÃÂO LOURENÃÂO DA MATA,RECIFE,METROPOLITANA DE RECIFE,"0","0","97.8260869565217","90.4347826086957","0","0","0","10.4347826086957","29.1304347826087"
"143","11283","11283","33717","261370105000110",URBANO,,,,"261370105",SÃÂO LOURENÃÂO DA MATA,"2613701",SÃÂO LOURENÃÂO DA MATA,RECIFE,METROPOLITANA DE RECIFE,"0","0","97.8260869565217","90.4347826086957","0","0","0","10.4347826086957","29.1304347826087"
"144","11288","11288","33722","261370105000115",RURAL,,,,"261370105",SÃÂO LOURENÃÂO DA MATA,"2613701",SÃÂO LOURENÃÂO DA MATA,RECIFE,METROPOLITANA DE RECIFE,"40","0","75.4777070063694","100","0","57.3248407643312","0.318471337579618","4.14012738853503","26.4331210191083"
"145","11288","11288","33722","261370105000115",RURAL,,,,"261370105",SÃÂO LOURENÃÂO DA MATA,"2613701",SÃÂO LOURENÃÂO DA MATA,RECIFE,METROPOLITANA DE RECIFE,"40","0","75.4777070063694","100","0","57.3248407643312","0.318471337579618","4.14012738853503","26.4331210191083"
"146","11206","11206","33640","261370105000033",URBANO,,,,"261370105",SÃÂO LOURENÃÂO DA MATA,"2613701",SÃÂO LOURENÃÂO DA MATA,RECIFE,METROPOLITANA DE RECIFE,"31","3.45744680851064","20.4787234042553","84.8404255319149","0.265957446808511","5.58510638297872","0","11.968085106383","21.0106382978723"
"147","11206","11206","33640","261370105000033",URBANO,,,,"261370105",SÃÂO LOURENÃÂO DA MATA,"2613701",SÃÂO LOURENÃÂO DA MATA,RECIFE,METROPOLITANA DE RECIFE,"31","3.45744680851064","20.4787234042553","84.8404255319149","0.265957446808511","5.58510638297872","0","11.968085106383","21.0106382978723"
"148","11205","11205","33639","261370105000032",URBANO,,,,"261370105",SÃÂO LOURENÃÂO DA MATA,"2613701",SÃÂO LOURENÃÂO DA MATA,RECIFE,METROPOLITANA DE RECIFE,"34","0","8.14814814814815","95.5555555555556","1.48148148148148","11.8518518518519","0.740740740740741","14.0740740740741","20.7407407407407"
"149","11205","11205","33639","261370105000032",URBANO,,,,"261370105",SÃÂO LOURENÃÂO DA MATA,"2613701",SÃÂO LOURENÃÂO DA MATA,RECIFE,METROPOLITANA DE RECIFE,"34","0","8.14814814814815","95.5555555555556","1.48148148148148","11.8518518518519","0.740740740740741","14.0740740740741","20.7407407407407"
"150","11185","11185","33619","261370105000012",URBANO,,,,"261370105",SÃÂO LOURENÃÂO DA MATA,"2613701",SÃÂO LOURENÃÂO DA MATA,RECIFE,METROPOLITANA DE RECIFE,"0","0.395256916996047","13.0434782608696","98.4189723320158","1.18577075098814","1.18577075098814","0.395256916996047","18.1818181818182","17.3913043478261"
"151","11185","11185","33619","261370105000012",URBANO,,,,"261370105",SÃÂO LOURENÃÂO DA MATA,"2613701",SÃÂO LOURENÃÂO DA MATA,RECIFE,METROPOLITANA DE RECIFE,"0","0.395256916996047","13.0434782608696","98.4189723320158","1.18577075098814","1.18577075098814","0.395256916996047","18.1818181818182","17.3913043478261"
"152","11242","11242","33676","261370105000069",RURAL,,,,"261370105",SÃÂO LOURENÃÂO DA MATA,"2613701",SÃÂO LOURENÃÂO DA MATA,RECIFE,METROPOLITANA DE RECIFE,"6","56.7567567567568","89.1891891891892","94.5945945945946","0","29.7297297297297","0","0","2.7027027027027"
"153","11242","11242","33676","261370105000069",RURAL,,,,"261370105",SÃÂO LOURENÃÂO DA MATA,"2613701",SÃÂO LOURENÃÂO DA MATA,RECIFE,METROPOLITANA DE RECIFE,"6","56.7567567567568","89.1891891891892","94.5945945945946","0","29.7297297297297","0","0","2.7027027027027"
"154","11271","11271","33705","261370105000098",URBANO,,,,"261370105",SÃÂO LOURENÃÂO DA MATA,"2613701",SÃÂO LOURENÃÂO DA MATA,RECIFE,METROPOLITANA DE RECIFE,"9","0","98.2300884955752","99.1150442477876","0","89.3805309734513","0.884955752212389","1.76991150442478","27.4336283185841"
"155","11271","11271","33705","261370105000098",URBANO,,,,"261370105",SÃÂO LOURENÃÂO DA MATA,"2613701",SÃÂO LOURENÃÂO DA MATA,RECIFE,METROPOLITANA DE RECIFE,"9","0","98.2300884955752","99.1150442477876","0","89.3805309734513","0.884955752212389","1.76991150442478","27.4336283185841"
"156","11217","11217","33651","261370105000044",URBANO,,,,"261370105",SÃÂO LOURENÃÂO DA MATA,"2613701",SÃÂO LOURENÃÂO DA MATA,RECIFE,METROPOLITANA DE RECIFE,"1","0","28.3950617283951","58.0246913580247","1.85185185185185","31.4814814814815","0.308641975308642","12.037037037037","20.9876543209877"
"157","11217","11217","33651","261370105000044",URBANO,,,,"261370105",SÃÂO LOURENÃÂO DA MATA,"2613701",SÃÂO LOURENÃÂO DA MATA,RECIFE,METROPOLITANA DE RECIFE,"1","0","28.3950617283951","58.0246913580247","1.85185185185185","31.4814814814815","0.308641975308642","12.037037037037","20.9876543209877"
"158","11215","11215","33649","261370105000042",URBANO,,,,"261370105",SÃÂO LOURENÃÂO DA MATA,"2613701",SÃÂO LOURENÃÂO DA MATA,RECIFE,METROPOLITANA DE RECIFE,"0","0","96.7637540453075","89.6440129449838","8.41423948220065","79.9352750809062","0","8.09061488673139","21.6828478964401"
"159","11215","11215","33649","261370105000042",URBANO,,,,"261370105",SÃÂO LOURENÃÂO DA MATA,"2613701",SÃÂO LOURENÃÂO DA MATA,RECIFE,METROPOLITANA DE RECIFE,"0","0","96.7637540453075","89.6440129449838","8.41423948220065","79.9352750809062","0","8.09061488673139","21.6828478964401"
"160","11264","11264","33698","261370105000091",URBANO,,,,"261370105",SÃÂO LOURENÃÂO DA MATA,"2613701",SÃÂO LOURENÃÂO DA MATA,RECIFE,METROPOLITANA DE RECIFE,"23","0","32.5490196078431","45.8823529411765","3.52941176470588","47.0588235294118","0","14.9019607843137","20"
"161","11264","11264","33698","261370105000091",URBANO,,,,"261370105",SÃÂO LOURENÃÂO DA MATA,"2613701",SÃÂO LOURENÃÂO DA MATA,RECIFE,METROPOLITANA DE RECIFE,"23","0","32.5490196078431","45.8823529411765","3.52941176470588","47.0588235294118","0","14.9019607843137","20"
"162","11204","11204","33638","261370105000031",URBANO,,,,"261370105",SÃÂO LOURENÃÂO DA MATA,"2613701",SÃÂO LOURENÃÂO DA MATA,RECIFE,METROPOLITANA DE RECIFE,"0","0","24.6323529411765","6.98529411764706","0","2.20588235294118","0","12.8676470588235","24.6323529411765"
"163","11204","11204","33638","261370105000031",URBANO,,,,"261370105",SÃÂO LOURENÃÂO DA MATA,"2613701",SÃÂO LOURENÃÂO DA MATA,RECIFE,METROPOLITANA DE RECIFE,"0","0","24.6323529411765","6.98529411764706","0","2.20588235294118","0","12.8676470588235","24.6323529411765"
"164","9453","9453","31876","261160605210326",URBANO,"261160605069",VÃÂ¡rzea,RPA 04,"261160605",RECIFE,"2611606",RECIFE,RECIFE,METROPOLITANA DE RECIFE,"1","0","46.9387755102041","92.8571428571429","0","35.7142857142857","0","6.12244897959184","32.6530612244898"
"165","11269","11269","33703","261370105000096",URBANO,,,,"261370105",SÃÂO LOURENÃÂO DA MATA,"2613701",SÃÂO LOURENÃÂO DA MATA,RECIFE,METROPOLITANA DE RECIFE,"0","0","97.2222222222222","95.8333333333333","2.77777777777778","72.2222222222222","1.38888888888889","4.16666666666667","25"
"166","11269","11269","33703","261370105000096",URBANO,,,,"261370105",SÃÂO LOURENÃÂO DA MATA,"2613701",SÃÂO LOURENÃÂO DA MATA,RECIFE,METROPOLITANA DE RECIFE,"0","0","97.2222222222222","95.8333333333333","2.77777777777778","72.2222222222222","1.38888888888889","4.16666666666667","25"
"167","5561","5561","28034","260790120000046",URBANO,"260790120026",CURADO,,"260790120",CURADO,"2607901",JABOATÃÂO DOS GUARARAPES,RECIFE,METROPOLITANA DE RECIFE,"20","0","2.27272727272727","79.5454545454545","0","34.0909090909091","0","13.6363636363636","22.7272727272727"
"168","5561","5561","28034","260790120000046",URBANO,"260790120026",CURADO,,"260790120",CURADO,"2607901",JABOATÃÂO DOS GUARARAPES,RECIFE,METROPOLITANA DE RECIFE,"20","0","2.27272727272727","79.5454545454545","0","34.0909090909091","0","13.6363636363636","22.7272727272727"
"169","5565","5565","28038","260790120000050",URBANO,"260790120026",CURADO,,"260790120",CURADO,"2607901",JABOATÃÂO DOS GUARARAPES,RECIFE,METROPOLITANA DE RECIFE,"8","0.803212851405622","6.42570281124498","44.1767068273092","0.401606425702811","4.81927710843374","0","20.0803212851406","19.2771084337349"
"170","5565","5565","28038","260790120000050",URBANO,"260790120026",CURADO,,"260790120",CURADO,"2607901",JABOATÃÂO DOS GUARARAPES,RECIFE,METROPOLITANA DE RECIFE,"8","0.803212851405622","6.42570281124498","44.1767068273092","0.401606425702811","4.81927710843374","0","20.0803212851406","19.2771084337349"
"171","5508","5508","27981","260790115000124",URBANO,"260790115018",FLORIANO,,"260790115",JABOATÃÂO,"2607901",JABOATÃÂO DOS GUARARAPES,RECIFE,METROPOLITANA DE RECIFE,"0","0","100","30.2083333333333","2.08333333333333","0","0","11.4583333333333","29.1666666666667"
"172","5508","5508","27981","260790115000124",URBANO,"260790115018",FLORIANO,,"260790115",JABOATÃÂO,"2607901",JABOATÃÂO DOS GUARARAPES,RECIFE,METROPOLITANA DE RECIFE,"0","0","100","30.2083333333333","2.08333333333333","0","0","11.4583333333333","29.1666666666667"
"173","5559","5559","28032","260790120000044",URBANO,"260790120026",CURADO,,"260790120",CURADO,"2607901",JABOATÃÂO DOS GUARARAPES,RECIFE,METROPOLITANA DE RECIFE,"0","0","20.9821428571429","48.6607142857143","0.892857142857143","0","0","12.9464285714286","22.3214285714286"
"174","5559","5559","28032","260790120000044",URBANO,"260790120026",CURADO,,"260790120",CURADO,"2607901",JABOATÃÂO DOS GUARARAPES,RECIFE,METROPOLITANA DE RECIFE,"0","0","20.9821428571429","48.6607142857143","0.892857142857143","0","0","12.9464285714286","22.3214285714286"
"175","5522","5522","27995","260790120000007",URBANO,"260790120026",CURADO,,"260790120",CURADO,"2607901",JABOATÃÂO DOS GUARARAPES,RECIFE,METROPOLITANA DE RECIFE,"22","0.31055900621118","10.2484472049689","11.1801242236025","1.86335403726708","4.03726708074534","0.62111801242236","11.4906832298137","23.6024844720497"
"176","5522","5522","27995","260790120000007",URBANO,"260790120026",CURADO,,"260790120",CURADO,"2607901",JABOATÃÂO DOS GUARARAPES,RECIFE,METROPOLITANA DE RECIFE,"22","0.31055900621118","10.2484472049689","11.1801242236025","1.86335403726708","4.03726708074534","0.62111801242236","11.4906832298137","23.6024844720497"
"177","5526","5526","27999","260790120000011",URBANO,"260790120026",CURADO,,"260790120",CURADO,"2607901",JABOATÃÂO DOS GUARARAPES,RECIFE,METROPOLITANA DE RECIFE,"21","0","9.67741935483871","0.460829493087558","0","0","0","23.0414746543779","13.8248847926267"
"178","5526","5526","27999","260790120000011",URBANO,"260790120026",CURADO,,"260790120",CURADO,"2607901",JABOATÃÂO DOS GUARARAPES,RECIFE,METROPOLITANA DE RECIFE,"21","0","9.67741935483871","0.460829493087558","0","0","0","23.0414746543779","13.8248847926267"
"179","5527","5527","28000","260790120000012",URBANO,"260790120026",CURADO,,"260790120",CURADO,"2607901",JABOATÃÂO DOS GUARARAPES,RECIFE,METROPOLITANA DE RECIFE,"0","0.319488817891374","1.59744408945687","1.91693290734824","0","0","0","17.8913738019169","8.30670926517572"
"180","5527","5527","28000","260790120000012",URBANO,"260790120026",CURADO,,"260790120",CURADO,"2607901",JABOATÃÂO DOS GUARARAPES,RECIFE,METROPOLITANA DE RECIFE,"0","0.319488817891374","1.59744408945687","1.91693290734824","0","0","0","17.8913738019169","8.30670926517572"
"181","5562","5562","28035","260790120000047",URBANO,"260790120026",CURADO,,"260790120",CURADO,"2607901",JABOATÃÂO DOS GUARARAPES,RECIFE,METROPOLITANA DE RECIFE,"7","0","0.598802395209581","44.311377245509","0","2.9940119760479","0","27.5449101796407","18.562874251497"
"182","5562","5562","28035","260790120000047",URBANO,"260790120026",CURADO,,"260790120",CURADO,"2607901",JABOATÃÂO DOS GUARARAPES,RECIFE,METROPOLITANA DE RECIFE,"7","0","0.598802395209581","44.311377245509","0","2.9940119760479","0","27.5449101796407","18.562874251497"
"183","5535","5535","28008","260790120000020",URBANO,"260790120026",CURADO,,"260790120",CURADO,"2607901",JABOATÃÂO DOS GUARARAPES,RECIFE,METROPOLITANA DE RECIFE,"0","0","39.7530864197531","45.5144032921811","0.65843621399177","7.07818930041152","0.246913580246914","13.7448559670782","20.082304526749"
"184","5535","5535","28008","260790120000020",URBANO,"260790120026",CURADO,,"260790120",CURADO,"2607901",JABOATÃÂO DOS GUARARAPES,RECIFE,METROPOLITANA DE RECIFE,"0","0","39.7530864197531","45.5144032921811","0.65843621399177","7.07818930041152","0.246913580246914","13.7448559670782","20.082304526749"
"185","11979","11979","34455","261530010000002",RURAL,,,,"261530010",CRUANJI,"2615300",TIMBAÃÂBA,MATA SETENTRIONAL PERNAMBUCANA,MATA PERNAMBUCANA,"0","0","85.3932584269663","96.6292134831461","2.24719101123596","98.876404494382","0","0","48.314606741573"
"186","11979","11979","34455","261530010000002",RURAL,,,,"261530010",CRUANJI,"2615300",TIMBAÃÂBA,MATA SETENTRIONAL PERNAMBUCANA,MATA PERNAMBUCANA,"0","0","85.3932584269663","96.6292134831461","2.24719101123596","98.876404494382","0","0","48.314606741573"
"187","11981","11981","34457","261530010000004",RURAL,,,,"261530010",CRUANJI,"2615300",TIMBAÃÂBA,MATA SETENTRIONAL PERNAMBUCANA,MATA PERNAMBUCANA,"1","0","100","0","0","100","0","0","34.7826086956522"
"188","11981","11981","34457","261530010000004",RURAL,,,,"261530010",CRUANJI,"2615300",TIMBAÃÂBA,MATA SETENTRIONAL PERNAMBUCANA,MATA PERNAMBUCANA,"1","0","100","0","0","100","0","0","34.7826086956522"
"189","11980","11980","34456","261530010000003",RURAL,,,,"261530010",CRUANJI,"2615300",TIMBAÃÂBA,MATA SETENTRIONAL PERNAMBUCANA,MATA PERNAMBUCANA,"0","0","97.5609756097561","100","0","85.3658536585366","0","0","46.3414634146341"
"190","11980","11980","34456","261530010000003",RURAL,,,,"261530010",CRUANJI,"2615300",TIMBAÃÂBA,MATA SETENTRIONAL PERNAMBUCANA,MATA PERNAMBUCANA,"0","0","97.5609756097561","100","0","85.3658536585366","0","0","46.3414634146341"
"191","6397","6397","28788","260950105000029",RURAL,,,,"260950105",NAZARÃÂ DA MATA,"2609501",NAZARÃÂ DA MATA,MATA SETENTRIONAL PERNAMBUCANA,MATA PERNAMBUCANA,"0","0","93.2038834951456","17.4757281553398","15.5339805825243","65.0485436893204","1.94174757281553","3.88349514563107","31.0679611650485"
"192","6397","6397","28788","260950105000029",RURAL,,,,"260950105",NAZARÃÂ DA MATA,"2609501",NAZARÃÂ DA MATA,MATA SETENTRIONAL PERNAMBUCANA,MATA PERNAMBUCANA,"0","0","93.2038834951456","17.4757281553398","15.5339805825243","65.0485436893204","1.94174757281553","3.88349514563107","31.0679611650485"
"193","439","439","22929","260070820000008",RURAL,,,,"260070820",UPATININGA,"2600708",ALIANÃÂA,MATA SETENTRIONAL PERNAMBUCANA,MATA PERNAMBUCANA,"2","0","100","25.531914893617","19.1489361702128","100","2.12765957446809","0","30.8510638297872"
"194","439","439","22929","260070820000008",RURAL,,,,"260070820",UPATININGA,"2600708",ALIANÃÂA,MATA SETENTRIONAL PERNAMBUCANA,MATA PERNAMBUCANA,"2","0","100","25.531914893617","19.1489361702128","100","2.12765957446809","0","30.8510638297872"
"195","1546","1546","23974","260270405000010",RURAL,,,,"260270405",BUENOS AIRES,"2602704",BUENOS AIRES,MATA SETENTRIONAL PERNAMBUCANA,MATA PERNAMBUCANA,"0","2.83018867924528","100","83.0188679245283","16.9811320754717","100","0","1.88679245283019","37.7358490566038"
"196","1546","1546","23974","260270405000010",RURAL,,,,"260270405",BUENOS AIRES,"2602704",BUENOS AIRES,MATA SETENTRIONAL PERNAMBUCANA,MATA PERNAMBUCANA,"0","2.83018867924528","100","83.0188679245283","16.9811320754717","100","0","1.88679245283019","37.7358490566038"
"197","6399","6399","28790","260950105000031",RURAL,,,,"260950105",NAZARÃÂ DA MATA,"2609501",NAZARÃÂ DA MATA,MATA SETENTRIONAL PERNAMBUCANA,MATA PERNAMBUCANA,"0","0","85.7142857142857","95.9183673469388","0","100","0","0","8.16326530612245"
"198","6399","6399","28790","260950105000031",RURAL,,,,"260950105",NAZARÃÂ DA MATA,"2609501",NAZARÃÂ DA MATA,MATA SETENTRIONAL PERNAMBUCANA,MATA PERNAMBUCANA,"0","0","85.7142857142857","95.9183673469388","0","100","0","0","8.16326530612245"
"199","12280","12280","34770","261630805000024",RURAL,,,,"261630805",VICÃÂNCIA,"2616308",VICÃÂNCIA,MATA SETENTRIONAL PERNAMBUCANA,MATA PERNAMBUCANA,"0","1.63934426229508","49.1803278688525","89.344262295082","10.655737704918","100","0.819672131147541","0","41.8032786885246"
"200","12280","12280","34770","261630805000024",RURAL,,,,"261630805",VICÃÂNCIA,"2616308",VICÃÂNCIA,MATA SETENTRIONAL PERNAMBUCANA,MATA PERNAMBUCANA,"0","1.63934426229508","49.1803278688525","89.344262295082","10.655737704918","100","0.819672131147541","0","41.8032786885246"
"201","12274","12274","34764","261630805000018",RURAL,,,,"261630805",VICÃÂNCIA,"2616308",VICÃÂNCIA,MATA SETENTRIONAL PERNAMBUCANA,MATA PERNAMBUCANA,"0","0","70.6422018348624","87.1559633027523","3.6697247706422","93.5779816513761","0","22.9357798165138","33.0275229357798"
"202","12274","12274","34764","261630805000018",RURAL,,,,"261630805",VICÃÂNCIA,"2616308",VICÃÂNCIA,MATA SETENTRIONAL PERNAMBUCANA,MATA PERNAMBUCANA,"0","0","70.6422018348624","87.1559633027523","3.6697247706422","93.5779816513761","0","22.9357798165138","33.0275229357798"
"203","12275","12275","34765","261630805000019",RURAL,,,,"261630805",VICÃÂNCIA,"2616308",VICÃÂNCIA,MATA SETENTRIONAL PERNAMBUCANA,MATA PERNAMBUCANA,"0","0.675675675675676","2.7027027027027","98.6486486486486","0.675675675675676","73.6486486486486","0","0","29.7297297297297"
"204","12275","12275","34765","261630805000019",RURAL,,,,"261630805",VICÃÂNCIA,"2616308",VICÃÂNCIA,MATA SETENTRIONAL PERNAMBUCANA,MATA PERNAMBUCANA,"0","0.675675675675676","2.7027027027027","98.6486486486486","0.675675675675676","73.6486486486486","0","0","29.7297297297297"
"205","409","409","22899","260070805000033",RURAL,,,,"260070805",ALIANÃÂA,"2600708",ALIANÃÂA,MATA SETENTRIONAL PERNAMBUCANA,MATA PERNAMBUCANA,"0","0","100","100","0","100","0","0","28.5714285714286"
"206","409","409","22899","260070805000033",RURAL,,,,"260070805",ALIANÃÂA,"2600708",ALIANÃÂA,MATA SETENTRIONAL PERNAMBUCANA,MATA PERNAMBUCANA,"0","0","100","100","0","100","0","0","28.5714285714286"
"207","11982","11982","34458","261530010000005",RURAL,,,,"261530010",CRUANJI,"2615300",TIMBAÃÂBA,MATA SETENTRIONAL PERNAMBUCANA,MATA PERNAMBUCANA,"0","0","24.1379310344828","34.4827586206897","3.44827586206897","100","10.3448275862069","0","58.6206896551724"
"208","11982","11982","34458","261530010000005",RURAL,,,,"261530010",CRUANJI,"2615300",TIMBAÃÂBA,MATA SETENTRIONAL PERNAMBUCANA,MATA PERNAMBUCANA,"0","0","24.1379310344828","34.4827586206897","3.44827586206897","100","10.3448275862069","0","58.6206896551724"
"209","438","438","22928","260070820000007",RURAL,,,,"260070820",UPATININGA,"2600708",ALIANÃÂA,MATA SETENTRIONAL PERNAMBUCANA,MATA PERNAMBUCANA,"0","0","79.7979797979798","14.1414141414141","12.1212121212121","78.7878787878788","2.02020202020202","1.01010101010101","28.2828282828283"
"210","438","438","22928","260070820000007",RURAL,,,,"260070820",UPATININGA,"2600708",ALIANÃÂA,MATA SETENTRIONAL PERNAMBUCANA,MATA PERNAMBUCANA,"0","0","79.7979797979798","14.1414141414141","12.1212121212121","78.7878787878788","2.02020202020202","1.01010101010101","28.2828282828283"
"211","420","420","22910","260070810000005",RURAL,,,,"260070810",MACUJÃÂ,"2600708",ALIANÃÂA,MATA SETENTRIONAL PERNAMBUCANA,MATA PERNAMBUCANA,"0","42.6470588235294","100","16.1764705882353","25","100","25","0","26.4705882352941"
"212","420","420","22910","260070810000005",RURAL,,,,"260070810",MACUJÃÂ,"2600708",ALIANÃÂA,MATA SETENTRIONAL PERNAMBUCANA,MATA PERNAMBUCANA,"0","42.6470588235294","100","16.1764705882353","25","100","25","0","26.4705882352941"
"213","6256","6256","29747","261060805000048",RURAL,,,,"261060805",PAUDALHO,"2610608",PAUDALHO,MATA SETENTRIONAL PERNAMBUCANA,MATA PERNAMBUCANA,"8","1.40845070422535","7.74647887323944","25.3521126760563","2.8169014084507","44.3661971830986","2.11267605633803","8.45070422535211","21.1267605633803"
"214","6256","6256","29747","261060805000048",RURAL,,,,"261060805",PAUDALHO,"2610608",PAUDALHO,MATA SETENTRIONAL PERNAMBUCANA,MATA PERNAMBUCANA,"8","1.40845070422535","7.74647887323944","25.3521126760563","2.8169014084507","44.3661971830986","2.11267605633803","8.45070422535211","21.1267605633803"
"215","6257","6257","29748","261060805000049",RURAL,,,,"261060805",PAUDALHO,"2610608",PAUDALHO,MATA SETENTRIONAL PERNAMBUCANA,MATA PERNAMBUCANA,"30","0","10.1796407185629","88.0239520958084","0.598802395209581","21.5568862275449","0","11.377245508982","20.9580838323353"
"216","6257","6257","29748","261060805000049",RURAL,,,,"261060805",PAUDALHO,"2610608",PAUDALHO,MATA SETENTRIONAL PERNAMBUCANA,MATA PERNAMBUCANA,"30","0","10.1796407185629","88.0239520958084","0.598802395209581","21.5568862275449","0","11.377245508982","20.9580838323353"
"217","7293","7293","29770","261060805000071",RURAL,,,,"261060805",PAUDALHO,"2610608",PAUDALHO,MATA SETENTRIONAL PERNAMBUCANA,MATA PERNAMBUCANA,"3","0","97.5","100","0","100","0","15","27.5"
"218","7293","7293","29770","261060805000071",RURAL,,,,"261060805",PAUDALHO,"2610608",PAUDALHO,MATA SETENTRIONAL PERNAMBUCANA,MATA PERNAMBUCANA,"3","0","97.5","100","0","100","0","15","27.5"
"219","7296","7296","29773","261060805000074",RURAL,,,,"261060805",PAUDALHO,"2610608",PAUDALHO,MATA SETENTRIONAL PERNAMBUCANA,MATA PERNAMBUCANA,"21","0","40","1.05263157894737","3.15789473684211","18.9473684210526","0","12.6315789473684","25.2631578947368"
"220","7296","7296","29773","261060805000074",RURAL,,,,"261060805",PAUDALHO,"2610608",PAUDALHO,MATA SETENTRIONAL PERNAMBUCANA,MATA PERNAMBUCANA,"21","0","40","1.05263157894737","3.15789473684211","18.9473684210526","0","12.6315789473684","25.2631578947368"
"221","6249","6249","29740","261060805000041",RURAL,,,,"261060805",PAUDALHO,"2610608",PAUDALHO,MATA SETENTRIONAL PERNAMBUCANA,MATA PERNAMBUCANA,"1","0","2.9585798816568","1.77514792899408","0","1.77514792899408","0.591715976331361","16.5680473372781","23.6686390532544"
"222","6249","6249","29740","261060805000041",RURAL,,,,"261060805",PAUDALHO,"2610608",PAUDALHO,MATA SETENTRIONAL PERNAMBUCANA,MATA PERNAMBUCANA,"1","0","2.9585798816568","1.77514792899408","0","1.77514792899408","0.591715976331361","16.5680473372781","23.6686390532544"
"223","6250","6250","29741","261060805000042",RURAL,,,,"261060805",PAUDALHO,"2610608",PAUDALHO,MATA SETENTRIONAL PERNAMBUCANA,MATA PERNAMBUCANA,"0","0","5.26315789473684","8.7719298245614","0.87719298245614","5.26315789473684","0.87719298245614","16.6666666666667","25.4385964912281"
"224","6250","6250","29741","261060805000042",RURAL,,,,"261060805",PAUDALHO,"2610608",PAUDALHO,MATA SETENTRIONAL PERNAMBUCANA,MATA PERNAMBUCANA,"0","0","5.26315789473684","8.7719298245614","0.87719298245614","5.26315789473684","0.87719298245614","16.6666666666667","25.4385964912281"
"225","6252","6252","29743","261060805000044",RURAL,,,,"261060805",PAUDALHO,"2610608",PAUDALHO,MATA SETENTRIONAL PERNAMBUCANA,MATA PERNAMBUCANA,"0","1.96078431372549","4.90196078431373","0","1.96078431372549","28.4313725490196","0","7.84313725490196","24.5098039215686"
"226","6252","6252","29743","261060805000044",RURAL,,,,"261060805",PAUDALHO,"2610608",PAUDALHO,MATA SETENTRIONAL PERNAMBUCANA,MATA PERNAMBUCANA,"0","1.96078431372549","4.90196078431373","0","1.96078431372549","28.4313725490196","0","7.84313725490196","24.5098039215686"
"227","6253","6253","29744","261060805000045",RURAL,,,,"261060805",PAUDALHO,"2610608",PAUDALHO,MATA SETENTRIONAL PERNAMBUCANA,MATA PERNAMBUCANA,"22","0","4375","96.25","625","1.25","625","4375","25"
"228","6254","6254","29745","261060805000046",RURAL,,,,"261060805",PAUDALHO,"2610608",PAUDALHO,MATA SETENTRIONAL PERNAMBUCANA,MATA PERNAMBUCANA,"19","0","94.4444444444444","2.08333333333333","0.694444444444444","5.55555555555556","0.694444444444444","11.1111111111111","27.0833333333333"
"229","6255","6255","29746","261060805000047",RURAL,,,,"261060805",PAUDALHO,"2610608",PAUDALHO,MATA SETENTRIONAL PERNAMBUCANA,MATA PERNAMBUCANA,"3","0","8.44155844155844","18.8311688311688","0","19.4805194805195","0.649350649350649","24.6753246753247","40.2597402597403"
"230","7295","7295","29772","261060805000073",RURAL,,,,"261060805",PAUDALHO,"2610608",PAUDALHO,MATA SETENTRIONAL PERNAMBUCANA,MATA PERNAMBUCANA,"0","0","10.2564102564103","96.5811965811966","1.70940170940171","1.70940170940171","0","8.54700854700855","29.0598290598291"
"231","7295","7295","29772","261060805000073",RURAL,,,,"261060805",PAUDALHO,"2610608",PAUDALHO,MATA SETENTRIONAL PERNAMBUCANA,MATA PERNAMBUCANA,"0","0","10.2564102564103","96.5811965811966","1.70940170940171","1.70940170940171","0","8.54700854700855","29.0598290598291"
"232","7297","7297","29774","261060805000075",RURAL,,,,"261060805",PAUDALHO,"2610608",PAUDALHO,MATA SETENTRIONAL PERNAMBUCANA,MATA PERNAMBUCANA,"0","0","81.4159292035398","72.5663716814159","4.42477876106195","25.6637168141593","1.76991150442478","1.76991150442478","30.0884955752212"
